<application>
  <component name="FindSettings">
    <option name="customScope" value="All Places" />
    <option name="defaultScopeName" value="All Places" />
    <option name="showResultsInSeparateView" value="true" />
    <option name="skipResultsWithOneUsage" value="true" />
    <option name="SKIP_RESULTS_WHEN_ONE_USAGE" value="true" />
    <option name="SHOW_RESULTS_IN_SEPARATE_VIEW" value="true" />
    <option name="SEARCH_SCOPE" value="All Places" />
    <option name="FILE_MASK" value="*.*" />
    <mask>*.py</mask>
    <mask>*.*</mask>
  </component>
</application>