<keymap version="1" name="Default copy" parent="$default">
  <action id="Arrangement.Alias.Rule.Edit" />
  <action id="Arrangement.Rule.Edit" />
  <action id="CloseContent">
    <keyboard-shortcut first-keystroke="ctrl f4" />
    <keyboard-shortcut first-keystroke="ctrl w" />
  </action>
  <action id="Console.Execute.Multiline" />
  <action id="Console.TableResult.NavigateAction" />
  <action id="CopyElement" />
  <action id="Debug">
    <keyboard-shortcut first-keystroke="ctrl enter" />
  </action>
  <action id="DomCollectionControl.Edit" />
  <action id="DomElementsTreeView.GotoDomElementDeclarationAction" />
  <action id="EditSource" />
  <action id="EditorSelectWord" />
  <action id="EditorSplitLine" />
  <action id="EditorStartNewLine" />
  <action id="ExecuteInPyConsoleAction" />
  <action id="ExternalSystem.OpenConfig" />
  <action id="FindNext">
    <keyboard-shortcut first-keystroke="ctrl l" />
  </action>
  <action id="Git.Reword.Commit">
    <keyboard-shortcut first-keystroke="shift f6" />
  </action>
  <action id="GotoNextError" />
  <action id="Graph.ApplyCurrentLayout" />
  <action id="IpnbRunAllCellsAction">
    <keyboard-shortcut first-keystroke="shift enter" />
  </action>
  <action id="IpnbRunCellAction" />
  <action id="IpnbRunCellInplaceAction" />
  <action id="Jdbc.OpenEditor" />
  <action id="NavBar-navigate" />
  <action id="OpenElementInNewWindow" />
  <action id="ProjectViewEditSource" />
  <action id="PySwitchSdkAction">
    <keyboard-shortcut first-keystroke="f3" />
  </action>
  <action id="RemoteHostView.EditSource" />
  <action id="RenameElement">
    <keyboard-shortcut first-keystroke="f2" />
  </action>
  <action id="Run">
    <keyboard-shortcut first-keystroke="shift enter" />
  </action>
  <action id="ShelvedChanges.Rename">
    <keyboard-shortcut first-keystroke="shift f6" />
  </action>
  <action id="Sql.EditParameter" />
  <action id="SwitchApply">
    <keyboard-shortcut first-keystroke="shift alt enter" />
  </action>
  <action id="SwitchDown">
    <keyboard-shortcut first-keystroke="shift alt down" />
  </action>
  <action id="SwitchLeft">
    <keyboard-shortcut first-keystroke="shift alt left" />
  </action>
  <action id="SwitchRight">
    <keyboard-shortcut first-keystroke="shift alt right" />
  </action>
  <action id="SwitchUp">
    <keyboard-shortcut first-keystroke="shift alt up" />
  </action>
  <action id="Vcs.EditSource" />
  <action id="ViewSource" />
  <action id="WebDeployment.Configuration">
    <keyboard-shortcut first-keystroke="f4" />
  </action>
  <action id="XDebugger.EditWatch" />
  <action id="XDebugger.JumpToSource" />
  <action id="XDebugger.SetValue" />
  <action id="com.jetbrains.plugins.remotesdk.console.RunSshConsoleAction">
    <keyboard-shortcut first-keystroke="f5" />
  </action>
</keymap>