<application>
  <component name="FileTypeManager" version="18">
    <ignoreFiles list="*$py.class;*.pyc;*.pyo;*.rbc;*~;.DS_Store;.git;.hg;.svn;CVS;RCS;SCCS;__pycache__;_svn;rcs;vssver.scc;vssver2.scc;" />
    <extensionMap>
      <removed_mapping ext="pxd" type="Cython" />
      <removed_mapping ext="pyx" type="Cython" />
      <mapping pattern="ffout" type="PLAIN_TEXT" />
      <mapping ext="wsgi" type="PLAIN_TEXT" />
      <mapping ext="conf" type="PLAIN_TEXT" />
      <removed_mapping ext="txt" approved="true" type="PLAIN_TEXT" />
    </extensionMap>
  </component>
</application>