<application>
  <component name="JupyterPersistentConnectionParameters">
    <option name="knownRemoteServers">
      <list>
        <JupyterConnectionParameters>
          <option name="authType" value="notebook" />
          <option name="token" value="9ca4f41564509a5d3191b41536bbf25662a8c291f06b8c5f" />
          <option name="urlString" value="http://localhost:8688/lab" />
          <authParams2>
            <map>
              <entry key="token" value="9ca4f41564509a5d3191b41536bbf25662a8c291f06b8c5f" />
            </map>
          </authParams2>
        </JupyterConnectionParameters>
      </list>
    </option>
    <option name="moduleParameters">
      <map>
        <entry key="$USER_HOME$/awsBridge/filterBackGround/filterBackGroundCode/.idea/filterBackGroundCode.iml">
          <value>
            <JupyterConnectionParameters>
              <option name="managed" value="true" />
              <option name="port" value="8884" />
            </JupyterConnectionParameters>
          </value>
        </entry>
        <entry key="$USER_HOME$/awsBridge/virtualBGv4/mmsegmentationCode/.idea/mmsegmentationCode.iml">
          <value>
            <JupyterConnectionParameters>
              <option name="authType" value="notebook" />
              <option name="token" value="9ca4f41564509a5d3191b41536bbf25662a8c291f06b8c5f" />
              <option name="urlString" value="http://localhost:8688/lab" />
              <authParams2>
                <map>
                  <entry key="token" value="9ca4f41564509a5d3191b41536bbf25662a8c291f06b8c5f" />
                </map>
              </authParams2>
            </JupyterConnectionParameters>
          </value>
        </entry>
      </map>
    </option>
  </component>
</application>