<application>
  <component name="ProjectManager">
    <defaultProject>
      <component name="ProjectRootManager" version="2" project-jdk-name="Python 2.7 virtualenv at ~/tensorflow/venv/local" project-jdk-type="Python SDK" />
      <component name="ProjectViewState">
        <option name="foldersAlwaysOnTop" value="false" />
        <option name="hideEmptyMiddlePackages" value="true" />
        <option name="showLibraryContents" value="true" />
        <option name="showMembers" value="true" />
      </component>
      <component name="PropertiesComponent">
        <property name="settings.editor.selected.configurable" value="aws" />
      </component>
      <component name="accountSettings">
        <option name="activeProfile" value="profile:default" />
        <option name="activeRegion" value="us-west-2" />
        <option name="recentlyUsedProfiles">
          <list>
            <option value="profile:default" />
          </list>
        </option>
        <option name="recentlyUsedRegions">
          <list>
            <option value="us-west-2" />
          </list>
        </option>
      </component>
    </defaultProject>
  </component>
</application>